{
  "diag_aug_try_range": {
    "dtype": "float64",
    "py/object": "numpy.ndarray",
    "values": [
      0.0,
      1.1111111111111112,
      2.2222222222222223,
      3.3333333333333335,
      4.444444444444445,
      5.555555555555555,
      6.666666666666667,
      7.777777777777779,
      8.88888888888889,
      10.0
    ]
  },
  "directed": true,
  "n_components_try_range": [
    1,
    2,
    3,
    4,
    5,
    6,
    7,
    8,
    9,
    10,
    11,
    12
  ],
  "n_jobs": -2,
  "param_grid": {
    "diag_aug_weight": {
      "py/id": 0
    },
    "n_components": [
      1,
      2,
      3,
      4,
      5,
      6,
      7,
      8,
      9,
      10,
      11,
      12
    ],
    "plus_c_weight": {
      "dtype": "float64",
      "py/object": "numpy.ndarray",
      "values": [
        0.0,
        1.1111111111111112,
        2.2222222222222223,
        3.3333333333333335,
        4.444444444444445,
        5.555555555555555,
        6.666666666666667,
        7.777777777777779,
        8.88888888888889,
        10.0
      ]
    }
  },
  "plus_c_try_range": {
    "py/id": 3
  },
  "seed": 639993534
}