{
  "B_mat": {
    "dtype": "float64",
    "py/object": "numpy.ndarray",
    "values": [
      [
        0.6000000000000001,
        0.1,
        0.1,
        0.1,
        0.1,
        0.1,
        0.1,
        0.1
      ],
      [
        0.1,
        0.6000000000000001,
        0.1,
        0.1,
        0.1,
        0.1,
        0.1,
        0.1
      ],
      [
        0.1,
        0.1,
        0.6000000000000001,
        0.1,
        0.1,
        0.1,
        0.1,
        0.1
      ],
      [
        0.1,
        0.1,
        0.1,
        0.6000000000000001,
        0.1,
        0.1,
        0.1,
        0.1
      ],
      [
        0.1,
        0.1,
        0.1,
        0.1,
        0.6000000000000001,
        0.1,
        0.1,
        0.1
      ],
      [
        0.1,
        0.1,
        0.1,
        0.1,
        0.1,
        0.6000000000000001,
        0.1,
        0.1
      ],
      [
        0.1,
        0.1,
        0.1,
        0.1,
        0.1,
        0.1,
        0.6000000000000001,
        0.1
      ],
      [
        0.1,
        0.1,
        0.1,
        0.1,
        0.1,
        0.1,
        0.1,
        0.6000000000000001
      ]
    ]
  },
  "a": 0.1,
  "assortivity": 6,
  "b": 0.1,
  "n_block_try_range": [
    1,
    2,
    3,
    4,
    5,
    6,
    7,
    8,
    9,
    10,
    11
  ],
  "n_blocks_range": [
    1,
    2,
    3,
    4,
    5,
    6,
    7,
    8
  ],
  "n_components": null,
  "n_sims": 2,
  "n_verts_range": [
    100,
    200,
    300,
    500,
    1000
  ],
  "seed": 71993435
}